Portfolio,Ann.Vol,Sharpe(0%),MaxDD
SPX,0.197557231585,0.913232225216,-0.189022077912
SPX + w_t·VXX (60d),0.103982563484,2.393596553744,-0.037955079872
